correct,in_candidates,correct_spelling,misspelling,phoneme_rep,suggested,suggested_phoneme,candidates
1.0,1.0,actually,achuly,AE CH UW L IY,actually,AE K CH L IY,"['actually', 'truly', 'cruelly', 'amply', 'aptly', 'archly', 'allergy', 'rudely', 'richly', 'loosely']"
0.0,1.0,actually,acualy,AE K Y UW W AH L IY,accurately,AE K Y ER AH T L IY,"['accurately', 'usually', 'factually', 'manually', 'annually', 'actually']"
1.0,1.0,address,addres,AE D R EY Z,address,AE D R EH S,"['address', 'address', 'advise', 'strays', 'appraise', 'iras', 'adams', 'addams', 'mores', 'sprays']"
0.0,0.0,address,adres,EY D R EY Z,strays,S T R EY Z,"['strays', 'iras', 'appraise', 'sprays', 'forays', 'mores', 'berets', 'airways', 'etudes', 'dairies']"
1.0,1.0,address,adress,AH D R EH S,address,AE D R EH S,"['address', 'address', 'oppress', 'egress', 'stress', 'advice', 'obsess', 'unless', 'adroit', 'across']"
1.0,1.0,adult,adault,AH D AO L T,adult,AH D AH L T,"['adult', 'assault', 'adored', 'adopt', 'adult', 'abort', 'appalled', 'adolph', 'assort', 'adores']"
0.0,1.0,affect,afect,AH F EH K T,effect,AH F EH K T,"['effect', 'affect', 'effect', 'effect', 'offend', 'affix', 'effects', 'attacked', 'eject', 'erect']"
1.0,1.0,all,alll,AO L,all,AO L,"['all', 'or', 'ore', 'orr', 'oar', 'ole', 'ell', 'isle', 'aisle', ""i'll""]"
1.0,1.0,animations,animaitons,AE N AH M EY T AH N Z,animations,AE N AH M EY SH AH N Z,"['animations', 'annotations', 'animators', 'animation']"
1.0,1.0,annoying,anoeing,AH N UW IH NG,annoying,AH N OY IH NG,"['annoying', 'issuing', 'eschewing', 'entering', 'inching', 'unsung', 'ending', 'ushering', 'snowing', 'allying']"
0.0,1.0,answering,ansaring,AE N S EH R IH NG,uncaring,AH N K EH R IH NG,"['uncaring', 'accessing', 'squaring', 'cancelling', 'glancing', 'prancing', 'answering', 'unsparing', 'snaring', 'sparing']"
1.0,1.0,anybody,enybody,EH N IY B AH D IY,anybody,EH N IY B AH D IY,"['anybody', 'enabled', 'nobodies', 'nobody', 'enfeebled', 'kennedy']"
1.0,1.0,apart,appart,AH P AA R T,apart,AH P AA R T,"['apart', 'abort', 'assort', 'sport', 'appeared', 'urquhart', 'sparred', 'apollo', 'appears', 'appoint']"
1.0,1.0,appeal,apeal,EY P IY L,appeal,AH P IY L,"['appeal', 'spiel', 'emile', 'able', 'abel', 'opal', 'opel', 'apple', 'appel', 'eyepiece']"
0.0,0.0,approach,approch,AE P R AH K,applet,AE P L AH T,"['applet', 'akron', 'apron', 'april', 'operas', 'struck', 'borak', 'barrack', 'barrack', 'sprung']"
0.0,0.0,aren't,arent,EH R AH N T,errant,EH R AH N T,"['errant', 'errand', 'arrant', 'grunt', 'brunt', 'front', 'erupt', 'agent', 'trent', 'print']"
1.0,1.0,avatar,avitar,AE V IH T AA R,avatar,AE V AH T AA R,"['avatar', 'caviar', 'vitric', 'retard', 'guitars', 'lavished', 'avatars', 'guitar', 'sitar', 'ishtar']"
1.0,1.0,because,beacause,B IY K AO Z,because,B IH K AO Z,"['because', 'because', 'bakers', 'begot', 'bouquets', 'buckeyes', 'because', 'because', 'beepers', 'macaws']"
1.0,1.0,because,beaccause,B IY K AO Z,because,B IH K AO Z,"['because', 'because', 'bakers', 'begot', 'bouquets', 'buckeyes', 'because', 'because', 'beepers', 'macaws']"
0.0,1.0,because,beacouse,B IY K AH S,backus,B AE K AH S,"['backus', 'beacon', 'because', 'because', 'bogus', 'beaches', 'basis', 'bacon', 'bacchus', 'negus']"
0.0,0.0,because,beacuse,B IY K Y UW Z,recuse,R IH K Y UW Z,"['recuse', 'reviews', 'beacons', 'debuts', 'curfews', 'beauties', 'skewers', 'abused', 'accused', 'abuser']"
1.0,1.0,because,becaes,B IH K EY Z,because,B IH K AH Z,"['because', 'because', 'bickers', 'bouquets', 'because', 'because', 'bouquets', 'became', 'biggies', 'buckeyes']"
0.0,1.0,because,becase,B IH K EY S,became,B IH K EY M,"['became', 'because', 'because', 'bickers', 'bouquets', 'because', 'because', 'bouquets', 'backus', 'bacchus']"
1.0,1.0,because,becauase,B IH K AO Z,because,B IH K AO Z,"['because', 'because', 'because', 'because', 'bickers', 'buckeyes', 'biggies', 'macaws', 'bouquets', 'bakers']"
1.0,1.0,because,becauce,B IH K AO S,because,B IH K AO Z,"['because', 'because', 'because', 'because', 'bickers', 'backus', 'bacchus', 'bacall', 'before', 'decor']"
1.0,1.0,because,becouse,B IH K AW S,because,B IH K AA Z,"['because', 'because', 'because', 'bickers', 'because', 'bacchus', 'backus', 'bickered', 'become', 'became']"
0.0,0.0,because,becuase,B IH K W EY Z,bequeath,B IH K W IY TH,"['bequeath', 'folkways', 'walkways', 'betrays', 'becomes', 'subways', 'causeways', 'biscayne', 'behaves', 'quakers']"
0.0,0.0,because,becuos,B EH K Y UW OW Z,escudos,EH S K UW D OW Z,"['escudos', 'rescues']"
1.0,1.0,because,becus,B IH K AH S,because,B IH K AH Z,"['because', 'because', 'backus', 'become', 'bickers', 'because', 'because', 'bacchus', 'bogus', 'bigot']"
0.0,0.0,because,becuse,B IH K Y UW Z,recuse,R IH K Y UW Z,"['recuse', 'diffuse', 'defuse', 'refuse', 'misuse', 'revues', 'tissues', 'becomes', 'curfews', 'debuts']"
0.0,0.0,because,bekos,B IY K OW S,backus,B AE K AH S,"['backus', 'bacchus', 'beacon', 'became', 'beasts', 'winos', 'bogus', 'bonus', 'beseech', 'pos']"
0.0,0.0,being,bein,B IY N,bean,B IY N,"['bean', 'bane', 'bone', 'ben', 'benne', 'beam', 'burn', 'bern', 'been', 'bun']"
0.0,1.0,bored,bord,B AO R D,board,B AO R D,"['board', 'bored', 'barred', 'bard', 'bort', 'boart', 'poured', 'pored', 'bald', 'balled', 'bawled']"
1.0,1.0,bullies,bullys,B UH L IY Z,bullies,B UH L IY Z,"['bullies', 'pulleys', 'bullied', 'bookies', 'baileys', 'belize', 'bellies', 'juries', 'pussies', 'ballets']"
0.0,1.0,bullying,bulying,B Y UW L IY IH NG,believing,B IH L IY V IH NG,"['believing', 'abusing', 'fuelling', 'bullying', 'bleeding', 'bleeping', 'bleaching']"
0.0,1.0,bystander,bystader,B AY S T EY D ER,abstained,AE B S T EY N D,"['abstained', 'abstained', 'bystander']"
0.0,0.0,bystander,pstander,S T AE N D ER,stander,S T AE N D ER,"['stander', 'slander', 'stands', 'stentor', 'spender', 'slender', 'stanza', 'surrender', 'stanley', 'attainder']"
0.0,0.0,careful,kafull,K AE F AH L,cackle,K AE K AH L,"['cackle', 'castle', 'kassel', 'cassel', 'baffle', 'camel', 'cattle', 'carol', 'carroll', 'carole']"
0.0,0.0,cause,couse,K AW S,cows,K AW Z,"['cows', 'gauss', 'couch', 'house', 'kos', 'bouse', 'kiss', 'cowed', 'cowl', 'cuss']"
0.0,0.0,cause,cus,K AH S,cuss,K AH S,"['cuss', 'gus', 'kiss', 'curse', 'case', 'kos', 'puss', 'pus', 'kutch', 'cos', 'coss']"
0.0,1.0,cause,cuz,K AH Z,cuss,K AH S,"['cuss', 'cayes', 'cars', 'cause', 'coz', 'keys', 'cause', 'fuzz', 'coups', 'cows']"
1.0,1.0,comfortable,comefortable,K AH M F ER T AH B AH L,comfortable,K AH M F ER T AH B AH L,"['comfortable', 'compatible', 'convertible', 'comfortably', 'uncomfortable']"
1.0,1.0,comfortable,comfertable,K AH M F ER T AH B AH L,comfortable,K AH M F ER T AH B AH L,"['comfortable', 'compatible', 'convertible', 'comfortably', 'uncomfortable']"
1.0,1.0,communication,communacation,K AA M Y AH N AH K EY SH AH N,communication,K AH M Y UW N AH K EY SH AH N,['communication']
1.0,1.0,complete,conplete,K AH N P L IY T,complete,K AH M P L IY T,"['complete', 'conflate', 'concrete', 'consult', 'competes', 'collegiate', 'corruptly', 'commonly', 'currently', 'unplaced']"
1.0,1.0,confidence,confedence,K AA N F EH D AH N S,confidence,K AA N F AH D EH N S,"['confidence', 'confident', 'confluence', 'condensate', 'conference', 'conference']"
0.0,0.0,consequences,consiqences,K AA N S AH K AH N S IH Z,consequence,K AA N S AH K W AH N S,['consequence']
0.0,1.0,contact,cintact,S IH N T AE K T,syntax,S IH N T AE K S,"['syntax', 'contact', 'detract', 'reenact', 'soundtrack', 'interact', 'entrapped', 'untaxed', 'intact', 'interacts']"
1.0,1.0,controls,controlles,K AH N T R OW L Z,controls,K AH N T R OW L Z,"['controls', 'controlled', 'controller', 'comptroller', 'control', 'controllers', 'countries', 'patrols', 'consoles', 'controlling']"
0.0,0.0,cyber,ciber,S AY B ER,sabre,S EY B ER,"['sabre', 'sober', 'cipher', 'cypher', 'cider', 'fibre', 'sizer', 'tiber', 'signer', 'saver']"
0.0,0.0,cyberbullying,ciberbulling,S AY B ER B AH L IH NG,,,[]
0.0,0.0,cyberbullying,caberbulling,K EY B ER B AH L IH NG,,,[]
0.0,0.0,cyberbullying,cyberbulling,S AY B ER B UH L IH NG,,,[]
0.0,0.0,cyberbullying,cyberbullyin,S AY B ER B AH L IY AH N,,,[]
1.0,1.0,dance,dans,D AE N Z,dance,D AE N S,"['dance', 'dens', 'tans', 'duns', 'dines', 'dynes', 'downs', 'dams', 'damns', 'danes', 'deigns']"
1.0,1.0,dances,danses,D AE N S IH Z,dances,D AE N S IH Z,"['dances', 'dances', 'dancers', 'chances', 'dancing', 'danzig', 'senses', 'downsize', 'fences', 'taxes']"
0.0,0.0,danger,dangher,D AE NG ER,ganger,G AE NG ER,"['ganger', 'banger', 'hanger', 'hangar', 'sanger', 'dank', 'langer', 'dasher', 'dagger', 'dapper']"
1.0,1.0,detail,detale,D IH T EY L,detail,D IH T EY L,"['detail', 'detail', 'detain', 'derail', 'tittle', 'ditties', 'detour', 'curtail', 'dibble', 'little']"
1.0,1.0,detailed,detaled,D IH T EY L D,detailed,D IH T EY L D,"['detailed', 'details', 'detained', 'derailed', 'details', 'curtailed', 'retailed', 'whittled', 'derails', 'defamed']"
1.0,1.0,details,deetales,D IY T EY L Z,details,D IY T EY L Z,"['details', 'details', 'retails', 'beatles', 'beetles', 'detours', 'decals', 'detailed', 'diesels', 'derails']"
0.0,0.0,died,dided,D AY D IH D,guided,G AY D IH D,"['guided', 'deeded', 'sided', 'chided', 'dated', 'dotted', 'guided', 'deeded', 'doubted', 'doodad']"
1.0,1.0,difference,differance,D IH F ER AH N S,difference,D IH F ER AH N S,"['difference', 'deference', 'difference', 'defiance', 'different', 'deterrence', 'deference', 'deferrals', 'different', 'reference']"
1.0,1.0,different,difrunt,D IH F R AH N T,different,D IH F R AH N T,"['different', 'different', 'difference', 'defiant', 'deference', 'difference', 'diffract', 'seafront', 'defrost', 'disrupt']"
1.0,1.0,digital,digitle,D IH JH AH T AH L,digital,D IH JH AH T AH L,"['digital', 'digital', 'vegetal', 'sagittal', 'digitize', 'rebuttal', 'pivotal', 'original', 'genital', 'doolittle']"
0.0,0.0,digital,ditull,D IH T AH L,tittle,T IH T AH L,"['tittle', 'detail', 'dibble', 'little', 'kittle', 'whittle', 'tattle', 'turtle', 'title', 'total']"
0.0,0.0,discussions,dicussions,D IH K AH SH AH N Z,demotions,D IH M OW SH AH N Z,"['demotions', 'desertions', 'deletions', 'directions', 'commissions', 'admissions', 'admissions', 'corruptions', 'erections', 'frictions']"
0.0,0.0,doesn't,doest,D OW S T,toast,T OW S T,"['toast', 'dust', 'durst', 'diced', 'doused', 'ghost', 'dost', 'boast', 'doped', 'host']"
0.0,0.0,doesn't,donet,D OW N EY,dona,D OW N AH,"['dona', 'donor', ""don't"", 'monet', 'tony', 'toni', 'denny', 'toner', 'deny', 'danny', 'dannie']"
0.0,1.0,don't,dont,D AA N T,daunt,D AO N T,"['daunt', 'donned', 'dent', 'dint', ""don't"", 'dart', 'docked', 'dons', 'dost', 'donnie', 'donny']"
0.0,1.0,don't,dount,D AW N T,downed,D AW N D,"['downed', ""don't"", 'dint', 'downs', 'doused', 'downy', 'mount', 'dent', 'daunt', 'downer']"
0.0,1.0,don't,downt,D AW N T,downed,D AW N D,"['downed', ""don't"", 'dint', 'downs', 'doused', 'downy', 'mount', 'dent', 'daunt', 'downer']"
0.0,0.0,downloading,downlding,D AW N L D IH NG,downswing,D AW N S W IH NG,"['downswing', 'deluding', 'foundling', 'foundering', 'downloads', 'grounding', 'surrounding', 'unloading', 'abounding', 'downplayed']"
1.0,1.0,easier,easyer,IY Z IY ER,easier,IY Z IY ER,"['easier', 'easter', 'easel', 'eases', 'earlier', 'easing', 'freer', 'furrier', 'courier', 'currier']"
0.0,0.0,educational,edcautional,EH D K AO SH AH N AH L,correctional,K ER EH K SH AH N AH L,"['correctional', 'directional', 'sectional']"
0.0,0.0,educational,egicasinol,EH JH AH K EY S IH N AO L,,,[]
0.0,0.0,effect,effcet,EH F S AH T,exit,EH K S AH T,"['exit', 'offset', 'offset', 'everett', 'epsom', 'everett', 'epson', 'egret', 'emirate', 'edsel']"
0.0,0.0,else,eles,EH L EH S,ellis,EH L IH S,"['ellis', 'ellice', 'sos', 'elks', 'bless', 'alas', 'alice', 'alyce', 'eyeless', 'heiress']"
1.0,1.0,emails,emales,IH M EY L Z,emails,IY M EY L Z,"['emails', 'emailed', 'smiles', 'smells', 'assails', 'smalls', 'snails', 'evades', 'impose', 'quails']"
1.0,1.0,entertaining,entertaning,EH N T ER T EY N IH NG,entertaining,EH N T ER T EY N IH NG,"['entertaining', 'entertainers', 'entertaining', 'entertainer', 'entertained', 'entertains', 'entertain']"
0.0,1.0,environment,enviroment,IH N V AY R OW M AH N T,engrossment,IH N G R OW S M AH N T,"['engrossment', 'environment']"
0.0,1.0,environments,enviroments,IH N V AY R OW M AH N T S,encroachments,IH N K R OW CH M AH N T S,"['encroachments', 'environment', 'environments']"
1.0,1.0,every,evry,EH V R IY,every,EH V R IY,"['every', 'ivory', 'every', 'avery', 'ivory', 'ovary', 'aubrey', 'agree', 'emory', 'emery']"
0.0,0.0,everyone's,everyones,EH V R IY W AH N Z,evergreens,EH V ER G R IY N Z,"['evergreens', 'everyone', 'everyman']"
1.0,1.0,example,egsample,EH G S AE M P AH L,example,IH G Z AE M P AH L,"['example', 'sample']"
1.0,1.0,favourite,favouate,F EY V W AH T,favourite,F EY V ER IH T,"['favourite', 'fervent']"
0.0,1.0,footprint,futprnt,F AH T P R N T,upfront,AH P F R AH N T,"['upfront', 'apparent', 'footprint']"
0.0,1.0,friend,freind,F R AY N D,frond,F R AA N D,"['frond', 'fronde', 'friend', 'frowned', 'grind', 'front', 'framed', 'primed', 'fremd', 'craned']"
1.0,1.0,friend,frend,F R EH N D,friend,F R EH N D,"['friend', 'fremd', 'frond', 'fronde', 'frowned', 'french', 'trend', 'front', 'framed', 'franz']"
1.0,1.0,friendly,frendly,F R EH N D L IY,friendly,F R EH N D L IY,"['friendly', 'grandly', 'trendier', 'frenzies', 'frenzied', 'grendel', 'freshened', 'federally', 'wretchedly', 'federally']"
1.0,1.0,friendly,freindly,F R AY N D L IY,friendly,F R EH N D L IY,"['friendly', 'blindly', 'grandly', 'frightened', 'fondly', 'friendlier', 'kindly', 'roundly', 'finally', 'fridays']"
0.0,1.0,friends,freinds,F R AY N D Z,fronds,F R AA N D Z,"['fronds', 'friends', 'grinds', 'blinds', 'brands', 'grands', 'trends', 'grounds', 'errands', 'grinder']"
1.0,1.0,friends,frendes,F R EH N D Z,friends,F R EH N D Z,"['friends', 'fronds', 'trends', 'brands', 'grands', 'blends', 'grinds', 'errands', 'grounds', 'frenzy']"
1.0,1.0,friends,frends,F R EH N D Z,friends,F R EH N D Z,"['friends', 'fronds', 'trends', 'brands', 'grands', 'blends', 'grinds', 'errands', 'grounds', 'frenzy']"
0.0,0.0,friends,frenids,F R EH N IH D Z,frenzies,F R EH N Z IY Z,"['frenzies', 'freshens', 'fringes', 'frenzied', 'fresheners', 'friendly', 'trenches', 'freshened', 'fronted', 'foreheads']"
0.0,0.0,friends,frens,F R EH N Z,franz,F R AE N Z,"['franz', 'frunze', 'friend', 'frowns', 'french', 'trends', 'france', 'frames', 'prinz', 'cranes']"
0.0,0.0,friends,fridnds,F R IH D AH N D Z,frictions,F R IH K SH AH N Z,"['frictions', 'forbidden', 'forbidden', 'africans', 'refunds']"
1.0,1.0,gain,gane,G EY N,gain,G EY N,"['gain', 'kane', 'cane', 'cain', 'caine', 'kain', 'gun', 'guin', 'game', 'gan']"
0.0,1.0,genuinely,genuilly,JH EH N Y UW AH L IY,manually,M AE N Y UW AH L IY,"['manually', 'generously', 'genuinely', 'annually', 'genuinely', 'generally', 'genuine', 'generally']"
0.0,0.0,going,goning,G OW N IH NG,gunning,G AH N IH NG,"['gunning', 'gaining', 'boning', 'zoning', 'moaning', 'phoning', 'honing', 'goering', 'goading', 'toning']"
0.0,1.0,gonna,gona,G OW N AH,ghana,G AE N AH,"['ghana', 'gonna', 'bona', 'dona', 'jonah', 'mona', 'iona', 'rona', 'coma', 'coney']"
1.0,1.0,graphics,grafics,G R AE F IH K S,graphics,G R AE F IH K S,"['graphics', 'prefix', 'trafficker', 'grafted', 'grafting', 'affixes', 'graphic', 'grafts', 'graphical', 'graphically']"
0.0,0.0,guy,guyy,G AY IY,gaia,G AY AH,"['gaia', 'gooey', 'guys', 'guise', 'glee', 'guile', 'guide', 'curry', 'gayer', 'gray', 'grey']"
0.0,1.0,hackers,hakers,HH EY K ER Z,hikers,HH AY K ER Z,"['hikers', 'hackers', 'hawkers', 'hookers', 'haters', 'makers', 'takers', 'bakers', 'shakers', 'fakers']"
0.0,0.0,happening,happing,HH AE P IH NG,hyping,HH AY P IH NG,"['hyping', 'hoping', 'hacking', 'heaping', 'hopping', 'having', 'halving', 'hatching', 'hashing', 'capping']"
0.0,0.0,harrassed,harrased,HH EH R AH S T,heresy,HH EH R AH S IY,"['heresy', 'merest', 'terraced', 'barest', 'rarest', 'herald', 'harold', 'hippest', 'hottest', 'dearest']"
1.0,1.0,having,haveing,HH AE V IH NG,having,HH AE V IH NG,"['having', 'halving', 'heaving', 'hacking', 'hatching', 'hashing', 'hanging', 'hemming', 'hedging', 'huffing']"
1.0,1.0,he,hee,HH IY,he,HH IY,"['he', 'hey', 'hay', 'hoe', 'whoa', 'her', 'huh', 'high', 'hah', 'hoy']"
1.0,1.0,honestly,honastly,AA N AH S T L IY,honestly,AA N AH S T L IY,"['honestly', 'earnestly', 'honourably', 'unsightly', 'augustine', 'astutely', 'minutely', 'nervously', 'amnesty', 'dynasty']"
1.0,1.0,important,importent,IH M P AO R T EH N T,important,IH M P AO R T AH N T,"['important', 'importance', 'impregnate', 'portentous', 'portent']"
1.0,1.0,inappropriate,innapropriate,IH N AH P R OW P R IY AH T,inappropriate,IH N AH P R OW P R IY IH T,"['inappropriate', 'appropriate']"
0.0,0.0,inappropriate,innipropiet,IH N IH P R AH P IY T,,,[]
0.0,0.0,instagram,innteraction,IH N T ER AE K SH AH N,interaction,IH N T ER AE K SH AH N,"['interaction', 'insurrection', 'interruption', 'infraction', 'intermission', 'intercession', 'interacted', 'intercurrent', 'interaction', 'interactions']"
0.0,0.0,instagram,instagram,IH N S T EY G R AE M,histogram,HH IH S T AH G R AE M,['histogram']
0.0,0.0,instagram,instergram,IH N S T ER G R AE M,histogram,HH IH S T AH G R AE M,['histogram']
0.0,0.0,instagram,instergran,IH N S T ER G R AE N,,,[]
0.0,0.0,instagram,instgram,IH N S T G R AE M,histogram,HH IH S T AH G R AE M,['histogram']
0.0,0.0,instagram,intgram,IH N T G R AE M,anagram,AE N AH G R AE M,"['anagram', 'entrapped', 'engram', 'interim', 'entrap']"
0.0,1.0,interesting,intresting,IH N T R EH S T IH NG,entrusting,EH N T R AH S T IH NG,"['entrusting', 'contesting', 'interesting', 'distressing', 'ingesting', 'investing', 'interested', 'interpreting', 'interest']"
0.0,0.0,isn't,isnt,IH Z N T,izzard,IH Z ER D,"['izzard', 'izard', 'inched', 'ism', 'rant', 'dint', 'rent', 'cant', 'kant', ""can't""]"
0.0,1.0,issues,isuues,IH ZH W UW Z,enthuse,IH N TH UW Z,"['enthuse', 'ensues', 'issuers', 'renews', 'tissues', 'eludes', 'wounds', 'isuzu', 'issues', 'woozy']"
1.0,1.0,jerk,jerck,JH ER K,jerk,JH ER K,"['jerk', 'jake', 'jack', 'jacques', 'joke', 'jock', 'juke', 'dirk', 'merck', 'murk']"
0.0,0.0,keep,ceap,S IY P,seep,S IY P,"['seep', 'soap', 'sep', 'cheap', 'sup', 'sip', 'seek', 'sikh', 'sap', 'sop']"
1.0,1.0,kidnap,kiddnap,K IH D N AE P,kidnap,K IH D N AE P,"['kidnap', 'catnap', 'kidneys', 'kinship', 'entrap', 'dunlap', 'encamp', 'echidna', 'kidnapped', 'kidnapper']"
1.0,1.0,kidnap,kidnapp,K IH D N AE P,kidnap,K IH D N AE P,"['kidnap', 'catnap', 'kidneys', 'kinship', 'entrap', 'dunlap', 'encamp', 'echidna', 'kidnapped', 'kidnapper']"
1.0,1.0,kidnapper,kiddnaper,K IH D N AE P ER,kidnapper,K IH D N AE P ER,"['kidnapper', 'kidnaps', 'kidnapped', 'kidnap', 'kidnappers', 'kidnapping']"
1.0,1.0,kidnapper,kidknapper,K IH D N AE P ER,kidnapper,K IH D N AE P ER,"['kidnapper', 'kidnaps', 'kidnapped', 'kidnap', 'kidnappers', 'kidnapping']"
1.0,1.0,kidnapper,kidnaper,K IH D N AE P ER,kidnapper,K IH D N AE P ER,"['kidnapper', 'kidnaps', 'kidnapped', 'kidnap', 'kidnappers', 'kidnapping']"
1.0,1.0,kidnapping,kidnaping,K IH D N AE P IH NG,kidnapping,K IH D N AE P IH NG,"['kidnapping', 'kidnappers', 'kidnappings', 'kidnapper', 'kidnaps', 'kidnapped', 'kidnap']"
1.0,1.0,kill,kil,K IH L,kill,K IH L,"['kill', 'gill', 'gil', 'kale', 'kail', 'cull', 'cal', 'curl', 'kyle', 'kier']"
0.0,1.0,lady,laddy,L AE D IY,ladder,L AE D ER,"['ladder', 'lady', 'lassie', 'sadie', 'daddy', 'paddy', 'lads', 'lanny', 'lackey', 'ready']"
0.0,1.0,learned,lernt,L ER N T,learnt,L ER N T,"['learnt', 'learned', 'lint', 'lent', 'lurched', 'lurked', 'learns', 'burnt', 'current', 'learner', 'lerner']"
1.0,1.0,learning,learnung,L ER N AH NG,learning,L ER N IH NG,"['learning', 'lining', 'loaning', 'leaning', 'yearning', 'lurching', 'turning', 'lurking', 'burning', 'ironing']"
0.0,0.0,levels,leves,L IY V Z,leaves,L IY V Z,"['leaves', 'weaves', 'reeves', 'reaves', 'loaves', 'loves', 'luvs', 'lives', 'lives', 'leagues']"
0.0,1.0,lives,lifes,L AY F S,laughs,L AE F S,"['laughs', 'leafs', 'likes', 'lifer', 'lights', 'lives', 'wipes', 'limes', 'lines', 'riffs']"
1.0,1.0,lonely,lonley,L AA N L IY,lonely,L OW N L IY,"['lonely', 'conley', 'langley', 'lushly', 'lamely', 'lovely', 'lively', 'likely', 'manly', 'manley']"
1.0,1.0,lonely,lonly,L AA N L IY,lonely,L OW N L IY,"['lonely', 'conley', 'langley', 'lushly', 'lamely', 'lovely', 'lively', 'likely', 'manly', 'manley']"
0.0,1.0,luring,loring,L AO R IH NG,warring,W AO R IH NG,"['warring', 'roaring', 'luring', 'lauding', 'shoring', 'longing', 'soaring', 'boring', 'pouring', 'poring']"
1.0,1.0,manipulate,minipulate,M IH N IH P Y AH L EY T,manipulate,M AH N IH P Y AH L EY T,"['manipulate', 'manipulator', 'manipulates']"
1.0,1.0,many,meny,M EH N IY,many,M EH N IY,"['many', 'money', 'mini', 'minnie', 'meany', 'mani', 'mooney', 'lenny', 'benny', 'bennie', 'beni']"
0.0,0.0,mature,macher,M AE K ER,maker,M EY K ER,"['maker', 'meeker', 'lacquer', 'backer', 'tacker', 'hacker', 'wacker', 'whacker', 'max', 'macs', 'macks']"
0.0,0.0,maybe,mabe,M EY B,mab,M AE B,"['mab', 'mob', 'made', 'maid', 'labe', 'maim', 'make', 'maze', 'maize', 'mays']"
1.0,1.0,maybe,mabey,M EY B IY,maybe,M EY B IY,"['maybe', 'mamie', 'maisie', 'baby', 'meiji', 'macy', 'matey', 'mayday', 'midi', 'navy']"
1.0,1.0,maybe,maby,M EY B IY,maybe,M EY B IY,"['maybe', 'mamie', 'maisie', 'baby', 'meiji', 'macy', 'matey', 'mayday', 'midi', 'navy']"
1.0,1.0,maybe,mabye,M AE B IY,maybe,M EY B IY,"['maybe', 'maggie', 'gaby', 'gabby', 'tabby', 'cabbie', 'cabby', 'massey', 'shabby', 'mattie']"
1.0,1.0,maybe,maybey,M EY B IY,maybe,M EY B IY,"['maybe', 'mamie', 'maisie', 'baby', 'meiji', 'macy', 'matey', 'mayday', 'midi', 'navy']"
1.0,1.0,mean,meen,M IY N,mean,M IY N,"['mean', 'mien', 'main', 'maine', 'mane', 'mon', 'moan', 'men', 'meme', 'mun']"
1.0,1.0,meet,meet,M IY T,meet,M IY T,"['meet', 'meat', 'mete', 'mate', 'mead', 'meade', 'moat', 'mote', 'met', 'mutt']"
0.0,1.0,media,midia,M IH D IY AH,medea,M AH D IY AH,"['medea', 'media', 'lydia', 'video', 'mitra', 'mudra', 'muddied', 'mejia', 'mania', 'midair']"
0.0,1.0,melon,mellon,M EH L AH N,mellon,M EH L AH N,"['mellon', 'melon', 'mullen', 'marron', 'mennen', 'helen', 'hellen', 'felon', 'meghan', 'malone']"
1.0,1.0,messenger,messanger,M EH S EY N JH ER,messenger,M EH S AH N JH ER,"['messenger', 'messenger', 'stranger', 'endanger', 'estrange', 'messengers', 'messiaen', 'manger']"
1.0,1.0,michael,mical,M AY K AH L,michael,M AY K AH L,"['michael', 'michel', 'micheal', 'cycle', 'mogul', 'maple', 'mikhail', 'mikhail', 'nickel', 'nickle']"
1.0,1.0,michael,michael,M AY K AH L,michael,M AY K AH L,"['michael', 'michel', 'micheal', 'cycle', 'mogul', 'maple', 'mikhail', 'mikhail', 'nickel', 'nickle']"
1.0,1.0,michael,micheal,M AY K AH L,michael,M AY K AH L,"['michael', 'michel', 'micheal', 'cycle', 'mogul', 'maple', 'mikhail', 'mikhail', 'nickel', 'nickle']"
0.0,0.0,michael,michel,M IH SH EH L,michelle,M IH SH EH L,"['michelle', 'michel', 'michele', 'miguel', 'mission', 'rochelle', 'rachelle', 'mitchell', 'michel', 'mitchel']"
0.0,0.0,michael,michiel,M IH CH AH L,mitchell,M IH CH AH L,"['mitchell', 'michel', 'mitchel', 'missile', 'missal', 'middle', 'vigil', 'midget', 'michelle', 'michel', 'michele']"
1.0,1.0,mission,mishon,M IH SH AH N,mission,M IH SH AH N,"['mission', 'motion', 'titian', 'fission', 'mitten', 'machine', 'nation', 'vision', 'michelle', 'michel', 'michele']"
0.0,0.0,netflix,netfilix,N EH T F IH L IH K S,,,[]
0.0,1.0,nice,niss,N IH S,ness,N EH S,"['ness', 'nurse', 'nice', 'gneiss', 'nice', 'niece', 'miss', 'niche', 'noyce', 'nous', 'noose']"
1.0,1.0,normally,normlly,N AO R M L IY,normally,N AO R M L IY,"['normally', 'warmly', 'shortly', 'portly', 'morally', 'courtly', 'narrowly', 'lordly', 'fourthly', 'normal']"
1.0,1.0,online,onllan,AO N L AH N,online,AO N L AY N,"['online', 'arlen', 'offline', 'onion', 'ensign', 'undone', 'alton', 'option', 'anshan', 'engine']"
1.0,1.0,opened,opend,OW P AH N D,opened,OW P AH N D,"['opened', 'opined', 'opens', 'opener', 'append', 'opines', 'spend', 'evened', 'spurned', 'spanned']"
0.0,0.0,overage,overaged,OW V ER IH JH D,averaged,AE V R IH JH D,"['averaged', 'overfeed', 'overdid', 'overrode', 'overload', 'overfed', 'overlaid', 'overpaid', 'overjoyed', 'overhead']"
1.0,1.0,password,pasword,P AE S W ER D,password,P AE S W ER D,"['password', 'persuade', 'pestered', 'catchword', 'backward', 'bastard', 'poleward', 'patchwork', 'pastures', 'pastors']"
1.0,1.0,people,poeple,P OW P AH L,people,P IY P AH L,"['people', 'papal', 'purple', 'popple', 'bhopal', 'pebble', 'fipple', 'focal', 'coble', 'couple']"
1.0,1.0,persuade,perswade,P ER S W EY D,persuade,P ER S W EY D,"['persuade', 'password', 'dissuade', 'perceived', 'paraded', 'pertained', 'personae', 'parading', 'pervades', 'assuaged']"
0.0,0.0,physical,phiscal,F IH S K AH L,fiscal,F IH S K AH L,"['fiscal', 'gaskell', 'haskell', 'pistol', 'pistil', 'viscous', 'rascal', 'fearful', 'visceral', 'fitful']"
0.0,1.0,poorly,porly,P AO R L IY,parley,P AA R L IY,"['parley', 'sorely', 'poorly', 'morley', 'porky', 'warley', 'porgy', 'parlay', 'farley', 'barley']"
1.0,1.0,possibly,posibly,P AA Z AH B L IY,possibly,P AA S AH B L IY,"['possibly', 'passably', 'peaceably', 'feasibly', 'visibly', 'possible', 'partially', 'honourably', 'plausibly', 'audibly']"
0.0,1.0,predator,preaditor,P R IY AE D AH T ER,predators,P R EH D AH T ER Z,"['predators', 'predator']"
1.0,1.0,preferred,preffered,P R EH F ER D,preferred,P R AH F ER D,"['preferred', 'preferred', 'preferred', 'proffered', 'pressured', 'prefers', 'prefers', 'crawford', 'prefers', 'preface']"
0.0,1.0,pressed,preased,P R IY S T,priest,P R IY S T,"['priest', 'pressed', 'preached', 'priced', 'proust', 'proust', 'greased', 'trieste', 'braced', 'placed']"
0.0,0.0,pretend,petend,P AH T EH N D,pertained,P ER T EY N D,"['pertained', 'buttoned', 'patterned', 'commend', 'patina', 'patella', 'intend', 'poland', 'poisoned', 'depend']"
0.0,1.0,pretending,pretenden,P R IY T EH N D AH N,pretended,P R IY T EH N D AH D,"['pretended', 'pretension', 'pretending', 'pretended', 'pretenders', 'pretentious', 'prevention', 'pretender', 'pretends', 'retention']"
0.0,1.0,pretending,prtending,P R T EH N D IH NG,intending,IH N T EH N D IH NG,"['intending', 'impending', 'depending', 'partnering', 'retreading', 'preventing', 'preventing', 'pretends', 'pretending', 'pretender']"
0.0,1.0,probably,probaly,P R OW B AH L IY,probity,P R OW B AH T IY,"['probity', 'globally', 'partially', 'potable', 'parable', 'propylene', 'probably', 'rosalie', 'robles', 'robustly']"
0.0,0.0,probably,probly,P R AA B L IY,bromley,B R AA M L IY,"['bromley', 'broccoli', 'proudly', 'primly', 'prickly', 'presley', 'proxy', 'proverb', 'audibly', 'purely']"
1.0,1.0,probably,probobly,P R AA B AH B L IY,probably,P R AA B AH B L IY,"['probably', 'probable', 'rockabilly', 'possibly', 'improbably']"
1.0,1.0,probably,probrely,P R AA B R AH L IY,probably,P R AA B AH B L IY,"['probably', 'probable', 'partially']"
0.0,1.0,realistic,raelistic,R EY L IH S T IH K,ballistic,B AH L IH S T IH K,"['ballistic', 'holistic', 'logistic', 'artistic', 'atheistic', 'realistic', 'lipsticks', 'lipstick']"
0.0,0.0,really,reall,R IY L,real,R IY L,"['real', 'reel', 'riel', 'rail', 'lille', 'leal', 'role', 'roll', 'rill', 'ryle', 'rile']"
0.0,1.0,really,relly,R EH L IY,rally,R AE L IY,"['rally', 'really', 'riley', 'reilly', 'wryly', 'really', 'raleigh', 'nelly', 'nellie', 'telly']"
1.0,1.0,received,recieved,R IH S IY V D,received,R IH S IY V D,"['received', 'received', 'received', 'receives', 'deceived', 'relieved', 'receiver', 'reserved', 'receives', 'receives']"
1.0,1.0,respond,respound,R IY S P AW N D,respond,R IY S P AA N D,"['respond', 'respond', 'response', 'expound', 'reopened', 'reassigned', 'propound', 'eastbound', 'rescinds', 'rebounds']"
1.0,1.0,restrictions,restrtictions,R EH S T R T IH K SH AH N Z,restrictions,R IY S T R IH K SH AH N Z,['restrictions']
1.0,1.0,ridiculous,rediculous,R IY D IH K Y AH L AH S,ridiculous,R IH D IH K Y AH L AH S,['ridiculous']
0.0,0.0,safety,saftety,S AE F T EH T IY,,,[]
1.0,1.0,safety,saftey,S AE F T IY,safety,S EY F T IY,"['safety', 'lefty', 'hefty', 'sandy', 'fifty', 'shifty', 'softer', 'rafter', 'nifty', 'softer']"
0.0,1.0,scam,scame,S K EY M,scheme,S K IY M,"['scheme', 'scum', 'skim', 'scam', 'skein', 'scale', 'skate', 'scape', 'sperm', 'spam']"
0.0,1.0,scammer,scamer,S K EY M ER,schemer,S K IY M ER,"['schemer', 'skimmer', 'scammer', 'scalar', 'skater', 'schema', 'schuyler', 'skeeter', 'skinner', 'steamer']"
1.0,1.0,screen,skreen,S K R IY N,screen,S K R IY N,"['screen', 'scream', 'screech', 'screed', 'sprain', 'scrape', 'spleen', 'strain', 'scram', 'scroll']"
0.0,1.0,shows,shose,SH UW Z,shoes,SH UW Z,"['shoes', 'shooed', 'shows', 'shies', 'chaise', 'shays', 'news', 'shoot', 'chute', 'shute']"
1.0,1.0,situation,sichweshen,S IH CH W EH SH AH N,situation,S IH CH UW EY SH AH N,"['situation', 'secession']"
0.0,0.0,someone,som1,S AA M,som,S AA M,"['som', 'psalm', 'some', 'sum', 'sim', 'sym', 'sam', 'salve', 'same', 'sejm']"
1.0,1.0,something,someting,S AH M T IH NG,something,S AH M TH IH NG,"['something', 'sifting', 'simmering', 'salting', 'sulking', 'sorting', 'shunting', 'thumping', 'bunting', 'pumping']"
1.0,1.0,something,somthing,S AA M TH IH NG,something,S AH M TH IH NG,"['something', 'chomping', 'simmering', 'romping', 'solving', 'sleuthing', 'soldering', 'charming', 'smoothing', 'calming']"
1.0,1.0,somewhere,somewere,S AH M W EH R,somewhere,S AH M W EH R,"['somewhere', 'someone', 'somewhat', 'software', 'compare', 'spyware', 'malware', 'elsewhere', 'unaware', 'swissair']"
1.0,1.0,space,spase,S P EY S,space,S P EY S,"['space', 'spice', 'spouse', 'spate', 'spake', 'spade', 'spayed', 'spain', 'apace', 'spies']"
0.0,1.0,stopping,stoping,S T OW P IH NG,stepping,S T EH P IH NG,"['stepping', 'stooping', 'stoking', 'stopping', 'scoping', 'stoning', 'sloping', 'stowing', 'stuffing', 'staffing']"
0.0,0.0,strangers,srangers,SH R EY N JH ER Z,grangers,G R EY N JH ER Z,"['grangers', 'granges', 'retainers', 'rangers', 'stranger', 'ranges', 'ranges', 'changers', 'dangers', 'trainers']"
0.0,0.0,strangers,strangrs,S T R AE NG ER Z,stringers,S T R IH NG ER Z,"['stringers', 'stretchers', 'strollers', 'streamers', 'strikers', 'strippers', 'stripers', 'strands', 'stronger', 'strapping']"
1.0,1.0,strangers,streanges,S T R IY N JH IH Z,strangers,S T R EY N JH ER Z,"['strangers', 'screenings', 'austrians']"
1.0,1.0,surprise,suprise,S UW P R AY Z,surprise,S ER P R AY Z,"['surprise', 'surprise', 'supplies', 'reprise', 'sunrise', 'emprise', 'sparrows', 'spices', 'spices', 'spiders']"
0.0,0.0,talk,talck,T AE L K,talc,T AE L K,"['talc', 'task', 'tank', 'tally', 'talley', 'tallow', 'teller', 'dank', 'telly', 'tells']"
1.0,1.0,talk,tawk,T AO K,talk,T AO K,"['talk', 'top', 'tech', 'toff', 'tyke', 'caulk', 'tuck', 'take', 'tick', 'tic']"
0.0,0.0,taught,tought,T AH F T,tuft,T AH F T,"['tuft', 'taft', 'toft', 'tucked', 'cuffed', 'puffed', 'huffed', 'toughs', 'touched', 'roughed']"
0.0,0.0,taught,tourt,T UH R T,toured,T UH R D,"['toured', 'yurt', 'tours', 'tort', 'torte', 'tart', 'moored', 'lured', 'duro', 'durer']"
1.0,1.0,teaching,teatching,T IY CH IH NG,teaching,T IY CH IH NG,"['teaching', 'touching', 'leaching', 'teething', 'reaching', 'teasing', 'beaching', 'teaming', 'teeming', 'teaches']"
1.0,1.0,tech,tec,T EH K,tech,T EH K,"['tech', 'dec', 'deck', 'tack', 'take', 'tuck', 'tick', 'tic', 'tyke', 'turk']"
1.0,1.0,tells,tels,T EH L Z,tells,T EH L Z,"['tells', 'tales', 'tails', 'tiles', 'tolls', 'tears', 'tools', 'thames', 'towels', 'toils']"
0.0,0.0,that,tath,T AE TH,teeth,T IY TH,"['teeth', 'tooth', 'tat', 'path', 'hath', 'tang', 'lath', 'wrath', 'rath', 'tass']"
0.0,0.0,that's,tath's,T AE TH S,paths,P AE TH S,"['paths', 'baths', 'tax', 'tacks', 'taps', 'deaths', 'tangs', 'tags', 'tabs', 'tans']"
0.0,1.0,thing,fing,F IH NG,fang,F AE NG,"['fang', 'ping', 'king', 'thing', 'sing', 'singh', 'ching', 'ming', 'hing', 'zing']"
0.0,1.0,think,tink,T IH NG K,dink,D IH NG K,"['dink', 'tank', 'think', 'pink', 'chink', 'mink', 'minke', 'wink', 'sink', 'sync', 'cinque']"
1.0,1.0,told,tolld,T OW L D,told,T OW L D,"['told', 'tolled', 'doled', 'toiled', 'tailed', 'tooled', 'tiled', 'tolls', 'cold', 'toned']"
0.0,1.0,told,towled,T AW L D,towels,T AW L Z,"['towels', 'told', 'tolled', 'howled', 'toiled', 'tiled', 'towered', 'fouled', 'tailed', 'tooled']"
0.0,1.0,traced,trased,T R EY Z D,crazed,K R EY Z D,"['crazed', 'praised', 'phrased', 'braised', 'grazed', 'trailed', 'trained', 'traced', 'tracer', 'tracy', 'tracey', 'traci', 'tracie']"
1.0,1.0,trust,trost,T R AA S T,trust,T R AH S T,"['trust', 'tryst', 'tryst', 'traced', 'trieste', 'crossed', 'dressed', 'frost', 'dropped', 'thrust']"
0.0,1.0,trust,chrust,K R AH S T,crust,K R AH S T,"['crust', 'crest', 'christ', 'crossed', 'crushed', 'trust', 'thrust', 'grist', 'grassed', 'grossed']"
1.0,1.0,trying,tring,T R IH NG,trying,T R AY NG,"['trying', 'towing', 'toeing', 'teeing', 'tying', 'toying', 'airing', 'erring', 'earring', 'bring']"
0.0,0.0,trying,tyring,T AY R IH NG,tiring,T AY R IH NG,"['tiring', 'tarring', 'tearing', 'tearing', 'towering', 'timing', 'hiring', 'touring', 'turing', 'wiring']"
0.0,0.0,voice,vioce,V AY AH S,bias,B AY AH S,"['bias', 'pious', 'pius', 'vial', 'bios', 'dias', 'vines', 'vibes', 'bikes', 'vying']"
0.0,0.0,wants,wonst,W AH N S T,winced,W IH N S T,"['winced', 'minced', 'waxed', 'whilst', 'sensed', 'lunched', 'fenced', 'munched', 'hunched', 'danced']"
0.0,0.0,wants,wats,W AA T S,watts,W AA T S,"['watts', 'whats', 'whites', 'wits', 'weights', 'waits', 'woks', 'lots', 'lats', 'shots']"
1.0,1.0,wants,whants,W AE N T S,wants,W AA N T S,"['wants', 'wants', 'chants', 'nantes', 'pants', 'lents', 'tents', 'rents', 'gents', 'cents', 'scents']"
0.0,1.0,watch,whatch,W AH CH,which,W IH CH,"['which', 'witch', 'watch', 'watch', 'wuss', 'what', 'one', 'won', 'touch', 'much']"
0.0,0.0,weirdo,wirdo,W ER D OW,widow,W IH D OW,"['widow', 'wordy', 'words', 'wider', 'wader', 'weedy', 'worthy', 'willow', 'woody', 'winnow']"
1.0,1.0,whip,wip,W IH P,whip,W IH P,"['whip', 'whiff', 'wipe', 'weep', 'wop', 'wick', 'whoop', 'wis', 'when', 'win', 'wynn']"
1.0,1.0,with,whith,W IH TH,with,W IH TH,"['with', 'with', 'withe', 'worth', 'with', 'with', 'wit', 'witt', 'whit', 'whiff']"
0.0,0.0,werk,werk,W ER K,work,W ER K,"['work', 'wick', 'wake', 'whack', 'wack', 'woke', 'week', 'weak', 'walk', 'wok']"
0.0,1.0,would,woid,W OY D,lloyd,L OY D,"['lloyd', 'loyd', 'wooed', 'toyed', 'wowed', 'void', 'wad', 'wide', 'would', 'wood']"
0.0,0.0,your,ur,ER,or,ER,"['or', 'are', 'err', 'eure', 'for', 'fur', 'fir', 'fer', 'i', 'eye', 'aye']"
1.0,1.0,yourself,youself,Y UW S EH L F,yourself,Y ER S EH L F,"['yourself', 'herself', 'thyself', 'myself', 'ourself', 'ourself', 'itself', 'useless', 'useful', 'ufos']"
